CODIGO,DTMOV,DTNEG,NUNOTA,NUMNOTA,NRO,CODEMP,AD_OBSINTERNA,EMPRESA,EMP,NOMEFANTASIAEMP,CPFCNPJ,IE,TEL,FAX,CODVEND,APELIDO,VEND,CODGER,CODPARC,PARCEIRO,PARC,NOMEPARC,UF,PROD,CODPROD,DESCRPROD,MARCA,MARCA1,CODGRUPOPROD,DESCRGRUPOPROD,VOL,CODTIPOPER,TOP,DESCROPER,ATUALEST,ATUALFIN,TIPATUALFIN,STATUSNFE,TIPMOV,BONIFICACAO,CODCENCUS,AD_APELIDO,DESCRCENCUS,AD_QTDVOLLT,QTD,VLR,VLRCUSICM1,VLRCUSGER1,VLRCUSICM2,VLRCUSGER2,VLRUNITLIQ,PRECOTAB,VLRICMS,QTDNEG,CODNAT,DESCRNAT,VLRUNIT
1,2099-02-02 00:00:00,2099-02-02 00:00:00,1,1,NRO_SINTETICO_1,1,AD_OBSINTERNA_SINTETICO_1,EMPRESA_SINTETICO_1,EMP_SINTETICO_1,NOMEFANTASIAEMP_SINTETICO_1,CPFCNPJ_SINTETICO_1,IE_SINTETICO_1,TEL_SINTETICO_1,FAX_SINTETICO_1,1,APELIDO_SINTETICO_1,VEND_SINTETICO_1,1,1,PARCEIRO_SINTETICO_1,PARC_SINTETICO_1,NOMEPARC_SINTETICO_1,UF_SINTETICO_1,PROD_SINTETICO_1,1,DESCRPROD_SINTETICO_1,MARCA_SINTETICO_1,MARCA1_SINTETICO_1,1,DESCRGRUPOPROD_SINTETICO_1,VOL_SINTETICO_1,1,TOP_SINTETICO_1,DESCROPER_SINTETICO_1,ATUALEST_SINTETICO_1,1,TIPATUALFIN_SINTETICO_1,STATUSNFE_SINTETICO_1,TIPMOV_SINTETICO_1,BONIFICACAO_SINTETICO_1,1,AD_APELIDO_SINTETICO_1,DESCRCENCUS_SINTETICO_1,1,1,1,1.12,1.12,1.12,1.12,1,1,1.12,1,1,DESCRNAT_SINTETICO_1,1
2,2099-03-03 00:00:00,2099-03-03 00:00:00,2,2,NRO_SINTETICO_2,2,AD_OBSINTERNA_SINTETICO_2,EMPRESA_SINTETICO_2,EMP_SINTETICO_2,NOMEFANTASIAEMP_SINTETICO_2,CPFCNPJ_SINTETICO_2,IE_SINTETICO_2,TEL_SINTETICO_2,FAX_SINTETICO_2,2,APELIDO_SINTETICO_2,VEND_SINTETICO_2,2,2,PARCEIRO_SINTETICO_2,PARC_SINTETICO_2,NOMEPARC_SINTETICO_2,UF_SINTETICO_2,PROD_SINTETICO_2,2,DESCRPROD_SINTETICO_2,MARCA_SINTETICO_2,MARCA1_SINTETICO_2,2,DESCRGRUPOPROD_SINTETICO_2,VOL_SINTETICO_2,2,TOP_SINTETICO_2,DESCROPER_SINTETICO_2,ATUALEST_SINTETICO_2,2,TIPATUALFIN_SINTETICO_2,STATUSNFE_SINTETICO_2,TIPMOV_SINTETICO_2,BONIFICACAO_SINTETICO_2,2,AD_APELIDO_SINTETICO_2,DESCRCENCUS_SINTETICO_2,2,2,2,2.12,2.12,2.12,2.12,2,2,2.12,2,2,DESCRNAT_SINTETICO_2,2
3,2099-04-04 00:00:00,2099-04-04 00:00:00,3,3,NRO_SINTETICO_3,3,AD_OBSINTERNA_SINTETICO_3,EMPRESA_SINTETICO_3,EMP_SINTETICO_3,NOMEFANTASIAEMP_SINTETICO_3,CPFCNPJ_SINTETICO_3,IE_SINTETICO_3,,,3,APELIDO_SINTETICO_3,VEND_SINTETICO_3,3,3,PARCEIRO_SINTETICO_3,PARC_SINTETICO_3,NOMEPARC_SINTETICO_3,UF_SINTETICO_3,PROD_SINTETICO_3,3,DESCRPROD_SINTETICO_3,MARCA_SINTETICO_3,MARCA1_SINTETICO_3,3,DESCRGRUPOPROD_SINTETICO_3,VOL_SINTETICO_3,3,TOP_SINTETICO_3,DESCROPER_SINTETICO_3,ATUALEST_SINTETICO_3,3,TIPATUALFIN_SINTETICO_3,STATUSNFE_SINTETICO_3,TIPMOV_SINTETICO_3,BONIFICACAO_SINTETICO_3,3,AD_APELIDO_SINTETICO_3,DESCRCENCUS_SINTETICO_3,3,3,3.12,3.12,3.12,3.12,3.12,3.12,3.12,3.12,3,3,DESCRNAT_SINTETICO_3,3.12
4,2099-05-05 00:00:00,2099-05-05 00:00:00,4,4,NRO_SINTETICO_4,4,AD_OBSINTERNA_SINTETICO_4,EMPRESA_SINTETICO_4,EMP_SINTETICO_4,NOMEFANTASIAEMP_SINTETICO_4,CPFCNPJ_SINTETICO_4,IE_SINTETICO_4,,,4,APELIDO_SINTETICO_4,VEND_SINTETICO_4,4,4,PARCEIRO_SINTETICO_4,PARC_SINTETICO_4,NOMEPARC_SINTETICO_4,UF_SINTETICO_4,PROD_SINTETICO_4,4,DESCRPROD_SINTETICO_4,MARCA_SINTETICO_4,MARCA1_SINTETICO_4,4,DESCRGRUPOPROD_SINTETICO_4,VOL_SINTETICO_4,4,TOP_SINTETICO_4,DESCROPER_SINTETICO_4,ATUALEST_SINTETICO_4,4,TIPATUALFIN_SINTETICO_4,STATUSNFE_SINTETICO_4,TIPMOV_SINTETICO_4,BONIFICACAO_SINTETICO_4,4,AD_APELIDO_SINTETICO_4,DESCRCENCUS_SINTETICO_4,4,4,4,4.12,4.12,4.12,4.12,4,4.12,4,4,4,DESCRNAT_SINTETICO_4,4.12
5,2099-06-06 00:00:00,2099-06-06 00:00:00,5,5,NRO_SINTETICO_5,5,AD_OBSINTERNA_SINTETICO_5,EMPRESA_SINTETICO_5,EMP_SINTETICO_5,NOMEFANTASIAEMP_SINTETICO_5,CPFCNPJ_SINTETICO_5,IE_SINTETICO_5,,,5,APELIDO_SINTETICO_5,VEND_SINTETICO_5,5,5,PARCEIRO_SINTETICO_5,PARC_SINTETICO_5,NOMEPARC_SINTETICO_5,UF_SINTETICO_5,PROD_SINTETICO_5,5,DESCRPROD_SINTETICO_5,MARCA_SINTETICO_5,MARCA1_SINTETICO_5,5,DESCRGRUPOPROD_SINTETICO_5,VOL_SINTETICO_5,5,TOP_SINTETICO_5,DESCROPER_SINTETICO_5,ATUALEST_SINTETICO_5,5,TIPATUALFIN_SINTETICO_5,STATUSNFE_SINTETICO_5,TIPMOV_SINTETICO_5,BONIFICACAO_SINTETICO_5,5,AD_APELIDO_SINTETICO_5,DESCRCENCUS_SINTETICO_5,5,5,5,5.12,5.12,5.12,5.12,5,5.12,5,5,5,DESCRNAT_SINTETICO_5,5.12
6,2099-07-07 00:00:00,2099-07-07 00:00:00,6,6,NRO_SINTETICO_6,6,AD_OBSINTERNA_SINTETICO_6,EMPRESA_SINTETICO_6,EMP_SINTETICO_6,NOMEFANTASIAEMP_SINTETICO_6,CPFCNPJ_SINTETICO_6,IE_SINTETICO_6,TEL_SINTETICO_6,FAX_SINTETICO_6,6,APELIDO_SINTETICO_6,VEND_SINTETICO_6,6,6,PARCEIRO_SINTETICO_6,PARC_SINTETICO_6,NOMEPARC_SINTETICO_6,UF_SINTETICO_6,PROD_SINTETICO_6,6,DESCRPROD_SINTETICO_6,MARCA_SINTETICO_6,MARCA1_SINTETICO_6,6,DESCRGRUPOPROD_SINTETICO_6,VOL_SINTETICO_6,6,TOP_SINTETICO_6,DESCROPER_SINTETICO_6,ATUALEST_SINTETICO_6,6,TIPATUALFIN_SINTETICO_6,STATUSNFE_SINTETICO_6,TIPMOV_SINTETICO_6,BONIFICACAO_SINTETICO_6,6,AD_APELIDO_SINTETICO_6,DESCRCENCUS_SINTETICO_6,6,6,6,6.12,6.12,6.12,6.12,6,6,6.12,6,6,DESCRNAT_SINTETICO_6,6
7,2099-08-08 00:00:00,2099-08-08 00:00:00,7,7,NRO_SINTETICO_7,7,AD_OBSINTERNA_SINTETICO_7,EMPRESA_SINTETICO_7,EMP_SINTETICO_7,NOMEFANTASIAEMP_SINTETICO_7,CPFCNPJ_SINTETICO_7,IE_SINTETICO_7,TEL_SINTETICO_7,FAX_SINTETICO_7,7,APELIDO_SINTETICO_7,VEND_SINTETICO_7,7,7,PARCEIRO_SINTETICO_7,PARC_SINTETICO_7,NOMEPARC_SINTETICO_7,UF_SINTETICO_7,PROD_SINTETICO_7,7,DESCRPROD_SINTETICO_7,MARCA_SINTETICO_7,MARCA1_SINTETICO_7,7,DESCRGRUPOPROD_SINTETICO_7,VOL_SINTETICO_7,7,TOP_SINTETICO_7,DESCROPER_SINTETICO_7,ATUALEST_SINTETICO_7,7,TIPATUALFIN_SINTETICO_7,STATUSNFE_SINTETICO_7,TIPMOV_SINTETICO_7,BONIFICACAO_SINTETICO_7,7,AD_APELIDO_SINTETICO_7,DESCRCENCUS_SINTETICO_7,7,7,7,7.12,7.12,7.12,7.12,7,7,7.12,7,7,DESCRNAT_SINTETICO_7,7
8,2099-09-09 00:00:00,2099-09-09 00:00:00,8,8,NRO_SINTETICO_8,8,AD_OBSINTERNA_SINTETICO_8,EMPRESA_SINTETICO_8,EMP_SINTETICO_8,NOMEFANTASIAEMP_SINTETICO_8,CPFCNPJ_SINTETICO_8,IE_SINTETICO_8,TEL_SINTETICO_8,FAX_SINTETICO_8,8,APELIDO_SINTETICO_8,VEND_SINTETICO_8,8,8,PARCEIRO_SINTETICO_8,PARC_SINTETICO_8,NOMEPARC_SINTETICO_8,UF_SINTETICO_8,PROD_SINTETICO_8,8,DESCRPROD_SINTETICO_8,MARCA_SINTETICO_8,MARCA1_SINTETICO_8,8,DESCRGRUPOPROD_SINTETICO_8,VOL_SINTETICO_8,8,TOP_SINTETICO_8,DESCROPER_SINTETICO_8,ATUALEST_SINTETICO_8,8,TIPATUALFIN_SINTETICO_8,STATUSNFE_SINTETICO_8,TIPMOV_SINTETICO_8,BONIFICACAO_SINTETICO_8,8,AD_APELIDO_SINTETICO_8,DESCRCENCUS_SINTETICO_8,8,8,8,8.12,8.12,8.12,8.12,8,8,8.12,8,8,DESCRNAT_SINTETICO_8,8
9,2099-10-10 00:00:00,2099-10-10 00:00:00,9,9,NRO_SINTETICO_9,9,AD_OBSINTERNA_SINTETICO_9,EMPRESA_SINTETICO_9,EMP_SINTETICO_9,NOMEFANTASIAEMP_SINTETICO_9,CPFCNPJ_SINTETICO_9,IE_SINTETICO_9,TEL_SINTETICO_9,FAX_SINTETICO_9,9,APELIDO_SINTETICO_9,VEND_SINTETICO_9,9,9,PARCEIRO_SINTETICO_9,PARC_SINTETICO_9,NOMEPARC_SINTETICO_9,UF_SINTETICO_9,PROD_SINTETICO_9,9,DESCRPROD_SINTETICO_9,MARCA_SINTETICO_9,MARCA1_SINTETICO_9,9,DESCRGRUPOPROD_SINTETICO_9,VOL_SINTETICO_9,9,TOP_SINTETICO_9,DESCROPER_SINTETICO_9,ATUALEST_SINTETICO_9,9,TIPATUALFIN_SINTETICO_9,STATUSNFE_SINTETICO_9,TIPMOV_SINTETICO_9,BONIFICACAO_SINTETICO_9,9,AD_APELIDO_SINTETICO_9,DESCRCENCUS_SINTETICO_9,9,9,9,9.12,9.12,9.12,9.12,9,9,9.12,9,9,DESCRNAT_SINTETICO_9,9
10,2099-11-11 00:00:00,2099-11-11 00:00:00,10,10,NRO_SINTETICO_10,10,AD_OBSINTERNA_SINTETICO_10,EMPRESA_SINTETICO_10,EMP_SINTETICO_10,NOMEFANTASIAEMP_SINTETICO_10,CPFCNPJ_SINTETICO_10,IE_SINTETICO_10,TEL_SINTETICO_10,FAX_SINTETICO_10,10,APELIDO_SINTETICO_10,VEND_SINTETICO_10,10,10,PARCEIRO_SINTETICO_10,PARC_SINTETICO_10,NOMEPARC_SINTETICO_10,UF_SINTETICO_10,PROD_SINTETICO_10,10,DESCRPROD_SINTETICO_10,MARCA_SINTETICO_10,MARCA1_SINTETICO_10,10,DESCRGRUPOPROD_SINTETICO_10,VOL_SINTETICO_10,10,TOP_SINTETICO_10,DESCROPER_SINTETICO_10,ATUALEST_SINTETICO_10,10,TIPATUALFIN_SINTETICO_10,STATUSNFE_SINTETICO_10,TIPMOV_SINTETICO_10,BONIFICACAO_SINTETICO_10,10,AD_APELIDO_SINTETICO_10,DESCRCENCUS_SINTETICO_10,10,10,10,10.12,10.12,10.12,10.12,10,10,10.12,10,10,DESCRNAT_SINTETICO_10,10
11,2099-12-12 00:00:00,2099-12-12 00:00:00,11,11,NRO_SINTETICO_11,11,AD_OBSINTERNA_SINTETICO_11,EMPRESA_SINTETICO_11,EMP_SINTETICO_11,NOMEFANTASIAEMP_SINTETICO_11,CPFCNPJ_SINTETICO_11,IE_SINTETICO_11,TEL_SINTETICO_11,FAX_SINTETICO_11,11,APELIDO_SINTETICO_11,VEND_SINTETICO_11,11,11,PARCEIRO_SINTETICO_11,PARC_SINTETICO_11,NOMEPARC_SINTETICO_11,UF_SINTETICO_11,PROD_SINTETICO_11,11,DESCRPROD_SINTETICO_11,MARCA_SINTETICO_11,MARCA1_SINTETICO_11,11,DESCRGRUPOPROD_SINTETICO_11,VOL_SINTETICO_11,11,TOP_SINTETICO_11,DESCROPER_SINTETICO_11,ATUALEST_SINTETICO_11,11,TIPATUALFIN_SINTETICO_11,STATUSNFE_SINTETICO_11,TIPMOV_SINTETICO_11,BONIFICACAO_SINTETICO_11,11,AD_APELIDO_SINTETICO_11,DESCRCENCUS_SINTETICO_11,11,11,11.12,11.12,11.12,11.12,11.12,11.12,11.12,11.12,11,11,DESCRNAT_SINTETICO_11,11.12
12,2099-01-13 00:00:00,2099-01-13 00:00:00,12,12,NRO_SINTETICO_12,12,AD_OBSINTERNA_SINTETICO_12,EMPRESA_SINTETICO_12,EMP_SINTETICO_12,NOMEFANTASIAEMP_SINTETICO_12,CPFCNPJ_SINTETICO_12,IE_SINTETICO_12,TEL_SINTETICO_12,FAX_SINTETICO_12,12,APELIDO_SINTETICO_12,VEND_SINTETICO_12,12,12,PARCEIRO_SINTETICO_12,PARC_SINTETICO_12,NOMEPARC_SINTETICO_12,UF_SINTETICO_12,PROD_SINTETICO_12,12,DESCRPROD_SINTETICO_12,MARCA_SINTETICO_12,MARCA1_SINTETICO_12,12,DESCRGRUPOPROD_SINTETICO_12,VOL_SINTETICO_12,12,TOP_SINTETICO_12,DESCROPER_SINTETICO_12,ATUALEST_SINTETICO_12,12,TIPATUALFIN_SINTETICO_12,STATUSNFE_SINTETICO_12,TIPMOV_SINTETICO_12,BONIFICACAO_SINTETICO_12,12,AD_APELIDO_SINTETICO_12,DESCRCENCUS_SINTETICO_12,12,12,12.12,12.12,12.12,12.12,12.12,12.12,12.12,12.12,12,12,DESCRNAT_SINTETICO_12,12.12
13,2099-02-14 00:00:00,2099-02-14 00:00:00,13,13,NRO_SINTETICO_13,13,AD_OBSINTERNA_SINTETICO_13,EMPRESA_SINTETICO_13,EMP_SINTETICO_13,NOMEFANTASIAEMP_SINTETICO_13,CPFCNPJ_SINTETICO_13,IE_SINTETICO_13,TEL_SINTETICO_13,FAX_SINTETICO_13,13,APELIDO_SINTETICO_13,VEND_SINTETICO_13,13,13,PARCEIRO_SINTETICO_13,PARC_SINTETICO_13,NOMEPARC_SINTETICO_13,UF_SINTETICO_13,PROD_SINTETICO_13,13,DESCRPROD_SINTETICO_13,MARCA_SINTETICO_13,MARCA1_SINTETICO_13,13,DESCRGRUPOPROD_SINTETICO_13,VOL_SINTETICO_13,13,TOP_SINTETICO_13,DESCROPER_SINTETICO_13,ATUALEST_SINTETICO_13,13,TIPATUALFIN_SINTETICO_13,STATUSNFE_SINTETICO_13,TIPMOV_SINTETICO_13,BONIFICACAO_SINTETICO_13,13,AD_APELIDO_SINTETICO_13,DESCRCENCUS_SINTETICO_13,13,13,13.12,13.12,13.12,13.12,13.12,13.12,13,13.12,13,13,DESCRNAT_SINTETICO_13,13.12
14,2099-03-15 00:00:00,2099-03-15 00:00:00,14,14,NRO_SINTETICO_14,14,AD_OBSINTERNA_SINTETICO_14,EMPRESA_SINTETICO_14,EMP_SINTETICO_14,NOMEFANTASIAEMP_SINTETICO_14,CPFCNPJ_SINTETICO_14,IE_SINTETICO_14,TEL_SINTETICO_14,FAX_SINTETICO_14,14,APELIDO_SINTETICO_14,VEND_SINTETICO_14,14,14,PARCEIRO_SINTETICO_14,PARC_SINTETICO_14,NOMEPARC_SINTETICO_14,UF_SINTETICO_14,PROD_SINTETICO_14,14,DESCRPROD_SINTETICO_14,MARCA_SINTETICO_14,MARCA1_SINTETICO_14,14,DESCRGRUPOPROD_SINTETICO_14,VOL_SINTETICO_14,14,TOP_SINTETICO_14,DESCROPER_SINTETICO_14,ATUALEST_SINTETICO_14,14,TIPATUALFIN_SINTETICO_14,STATUSNFE_SINTETICO_14,TIPMOV_SINTETICO_14,BONIFICACAO_SINTETICO_14,14,AD_APELIDO_SINTETICO_14,DESCRCENCUS_SINTETICO_14,14,14,14.12,14.12,14.12,14.12,14.12,14.12,14,14.12,14,14,DESCRNAT_SINTETICO_14,14.12
15,2099-04-16 00:00:00,2099-04-16 00:00:00,15,15,NRO_SINTETICO_15,15,AD_OBSINTERNA_SINTETICO_15,EMPRESA_SINTETICO_15,EMP_SINTETICO_15,NOMEFANTASIAEMP_SINTETICO_15,CPFCNPJ_SINTETICO_15,IE_SINTETICO_15,TEL_SINTETICO_15,FAX_SINTETICO_15,15,APELIDO_SINTETICO_15,VEND_SINTETICO_15,15,15,PARCEIRO_SINTETICO_15,PARC_SINTETICO_15,NOMEPARC_SINTETICO_15,UF_SINTETICO_15,PROD_SINTETICO_15,15,DESCRPROD_SINTETICO_15,MARCA_SINTETICO_15,MARCA1_SINTETICO_15,15,DESCRGRUPOPROD_SINTETICO_15,VOL_SINTETICO_15,15,TOP_SINTETICO_15,DESCROPER_SINTETICO_15,ATUALEST_SINTETICO_15,15,TIPATUALFIN_SINTETICO_15,STATUSNFE_SINTETICO_15,TIPMOV_SINTETICO_15,BONIFICACAO_SINTETICO_15,15,AD_APELIDO_SINTETICO_15,DESCRCENCUS_SINTETICO_15,15,15,15.12,15.12,15.12,15.12,15.12,15.12,15,15.12,15,15,DESCRNAT_SINTETICO_15,15.12
16,2099-05-17 00:00:00,2099-05-17 00:00:00,16,16,NRO_SINTETICO_16,16,AD_OBSINTERNA_SINTETICO_16,EMPRESA_SINTETICO_16,EMP_SINTETICO_16,NOMEFANTASIAEMP_SINTETICO_16,CPFCNPJ_SINTETICO_16,IE_SINTETICO_16,,,16,APELIDO_SINTETICO_16,VEND_SINTETICO_16,16,16,PARCEIRO_SINTETICO_16,PARC_SINTETICO_16,NOMEPARC_SINTETICO_16,UF_SINTETICO_16,PROD_SINTETICO_16,16,DESCRPROD_SINTETICO_16,MARCA_SINTETICO_16,MARCA1_SINTETICO_16,16,DESCRGRUPOPROD_SINTETICO_16,VOL_SINTETICO_16,16,TOP_SINTETICO_16,DESCROPER_SINTETICO_16,ATUALEST_SINTETICO_16,16,TIPATUALFIN_SINTETICO_16,STATUSNFE_SINTETICO_16,TIPMOV_SINTETICO_16,BONIFICACAO_SINTETICO_16,16,AD_APELIDO_SINTETICO_16,DESCRCENCUS_SINTETICO_16,16,16,16.12,16.12,16.12,16.12,16.12,16.12,16,16.12,16,16,DESCRNAT_SINTETICO_16,16
17,2099-06-18 00:00:00,2099-06-18 00:00:00,17,17,NRO_SINTETICO_17,17,AD_OBSINTERNA_SINTETICO_17,EMPRESA_SINTETICO_17,EMP_SINTETICO_17,NOMEFANTASIAEMP_SINTETICO_17,CPFCNPJ_SINTETICO_17,IE_SINTETICO_17,,,17,APELIDO_SINTETICO_17,VEND_SINTETICO_17,17,17,PARCEIRO_SINTETICO_17,PARC_SINTETICO_17,NOMEPARC_SINTETICO_17,UF_SINTETICO_17,PROD_SINTETICO_17,17,DESCRPROD_SINTETICO_17,MARCA_SINTETICO_17,MARCA1_SINTETICO_17,17,DESCRGRUPOPROD_SINTETICO_17,VOL_SINTETICO_17,17,TOP_SINTETICO_17,DESCROPER_SINTETICO_17,ATUALEST_SINTETICO_17,17,TIPATUALFIN_SINTETICO_17,STATUSNFE_SINTETICO_17,TIPMOV_SINTETICO_17,BONIFICACAO_SINTETICO_17,17,AD_APELIDO_SINTETICO_17,DESCRCENCUS_SINTETICO_17,17,17,17.12,17.12,17.12,17.12,17.12,17.12,17,17.12,17,17,DESCRNAT_SINTETICO_17,17
18,2099-07-19 00:00:00,2099-07-19 00:00:00,18,18,NRO_SINTETICO_18,18,AD_OBSINTERNA_SINTETICO_18,EMPRESA_SINTETICO_18,EMP_SINTETICO_18,NOMEFANTASIAEMP_SINTETICO_18,CPFCNPJ_SINTETICO_18,IE_SINTETICO_18,,,18,APELIDO_SINTETICO_18,VEND_SINTETICO_18,18,18,PARCEIRO_SINTETICO_18,PARC_SINTETICO_18,NOMEPARC_SINTETICO_18,UF_SINTETICO_18,PROD_SINTETICO_18,18,DESCRPROD_SINTETICO_18,MARCA_SINTETICO_18,MARCA1_SINTETICO_18,18,DESCRGRUPOPROD_SINTETICO_18,VOL_SINTETICO_18,18,TOP_SINTETICO_18,DESCROPER_SINTETICO_18,ATUALEST_SINTETICO_18,18,TIPATUALFIN_SINTETICO_18,STATUSNFE_SINTETICO_18,TIPMOV_SINTETICO_18,BONIFICACAO_SINTETICO_18,18,AD_APELIDO_SINTETICO_18,DESCRCENCUS_SINTETICO_18,18,18,18.12,18.12,18.12,18.12,18.12,18.12,18,18.12,18,18,DESCRNAT_SINTETICO_18,18
19,2099-08-20 00:00:00,2099-08-20 00:00:00,19,19,NRO_SINTETICO_19,19,AD_OBSINTERNA_SINTETICO_19,EMPRESA_SINTETICO_19,EMP_SINTETICO_19,NOMEFANTASIAEMP_SINTETICO_19,CPFCNPJ_SINTETICO_19,IE_SINTETICO_19,,,19,APELIDO_SINTETICO_19,VEND_SINTETICO_19,19,19,PARCEIRO_SINTETICO_19,PARC_SINTETICO_19,NOMEPARC_SINTETICO_19,UF_SINTETICO_19,PROD_SINTETICO_19,19,DESCRPROD_SINTETICO_19,MARCA_SINTETICO_19,MARCA1_SINTETICO_19,19,DESCRGRUPOPROD_SINTETICO_19,VOL_SINTETICO_19,19,TOP_SINTETICO_19,DESCROPER_SINTETICO_19,ATUALEST_SINTETICO_19,19,TIPATUALFIN_SINTETICO_19,STATUSNFE_SINTETICO_19,TIPMOV_SINTETICO_19,BONIFICACAO_SINTETICO_19,19,AD_APELIDO_SINTETICO_19,DESCRCENCUS_SINTETICO_19,19,19,19.12,19.12,19.12,19.12,19.12,19.12,19,19.12,19,19,DESCRNAT_SINTETICO_19,19
20,2099-09-21 00:00:00,2099-09-21 00:00:00,20,20,NRO_SINTETICO_20,20,AD_OBSINTERNA_SINTETICO_20,EMPRESA_SINTETICO_20,EMP_SINTETICO_20,NOMEFANTASIAEMP_SINTETICO_20,CPFCNPJ_SINTETICO_20,IE_SINTETICO_20,,,20,APELIDO_SINTETICO_20,VEND_SINTETICO_20,20,20,PARCEIRO_SINTETICO_20,PARC_SINTETICO_20,NOMEPARC_SINTETICO_20,UF_SINTETICO_20,PROD_SINTETICO_20,20,DESCRPROD_SINTETICO_20,MARCA_SINTETICO_20,MARCA1_SINTETICO_20,20,DESCRGRUPOPROD_SINTETICO_20,VOL_SINTETICO_20,20,TOP_SINTETICO_20,DESCROPER_SINTETICO_20,ATUALEST_SINTETICO_20,20,TIPATUALFIN_SINTETICO_20,STATUSNFE_SINTETICO_20,TIPMOV_SINTETICO_20,BONIFICACAO_SINTETICO_20,20,AD_APELIDO_SINTETICO_20,DESCRCENCUS_SINTETICO_20,20,20,20.12,20.12,20.12,20.12,20.12,20.12,20,20.12,20,20,DESCRNAT_SINTETICO_20,20
21,2099-10-22 00:00:00,2099-10-22 00:00:00,21,21,NRO_SINTETICO_21,21,AD_OBSINTERNA_SINTETICO_21,EMPRESA_SINTETICO_21,EMP_SINTETICO_21,NOMEFANTASIAEMP_SINTETICO_21,CPFCNPJ_SINTETICO_21,IE_SINTETICO_21,,,21,APELIDO_SINTETICO_21,VEND_SINTETICO_21,21,21,PARCEIRO_SINTETICO_21,PARC_SINTETICO_21,NOMEPARC_SINTETICO_21,UF_SINTETICO_21,PROD_SINTETICO_21,21,DESCRPROD_SINTETICO_21,MARCA_SINTETICO_21,MARCA1_SINTETICO_21,21,DESCRGRUPOPROD_SINTETICO_21,VOL_SINTETICO_21,21,TOP_SINTETICO_21,DESCROPER_SINTETICO_21,ATUALEST_SINTETICO_21,21,TIPATUALFIN_SINTETICO_21,STATUSNFE_SINTETICO_21,TIPMOV_SINTETICO_21,BONIFICACAO_SINTETICO_21,21,AD_APELIDO_SINTETICO_21,DESCRCENCUS_SINTETICO_21,21,21,21.12,21.12,21.12,21.12,21.12,21.12,21,21.12,21,21,DESCRNAT_SINTETICO_21,21
22,2099-11-23 00:00:00,2099-11-23 00:00:00,22,22,NRO_SINTETICO_22,22,AD_OBSINTERNA_SINTETICO_22,EMPRESA_SINTETICO_22,EMP_SINTETICO_22,NOMEFANTASIAEMP_SINTETICO_22,CPFCNPJ_SINTETICO_22,IE_SINTETICO_22,,,22,APELIDO_SINTETICO_22,VEND_SINTETICO_22,22,22,PARCEIRO_SINTETICO_22,PARC_SINTETICO_22,NOMEPARC_SINTETICO_22,UF_SINTETICO_22,PROD_SINTETICO_22,22,DESCRPROD_SINTETICO_22,MARCA_SINTETICO_22,MARCA1_SINTETICO_22,22,DESCRGRUPOPROD_SINTETICO_22,VOL_SINTETICO_22,22,TOP_SINTETICO_22,DESCROPER_SINTETICO_22,ATUALEST_SINTETICO_22,22,TIPATUALFIN_SINTETICO_22,STATUSNFE_SINTETICO_22,TIPMOV_SINTETICO_22,BONIFICACAO_SINTETICO_22,22,AD_APELIDO_SINTETICO_22,DESCRCENCUS_SINTETICO_22,22,22,22.12,22.12,22.12,22.12,22.12,22.12,22,22.12,22,22,DESCRNAT_SINTETICO_22,22
23,2099-12-24 00:00:00,2099-12-24 00:00:00,23,23,NRO_SINTETICO_23,23,AD_OBSINTERNA_SINTETICO_23,EMPRESA_SINTETICO_23,EMP_SINTETICO_23,NOMEFANTASIAEMP_SINTETICO_23,CPFCNPJ_SINTETICO_23,IE_SINTETICO_23,,,23,APELIDO_SINTETICO_23,VEND_SINTETICO_23,23,23,PARCEIRO_SINTETICO_23,PARC_SINTETICO_23,NOMEPARC_SINTETICO_23,UF_SINTETICO_23,PROD_SINTETICO_23,23,DESCRPROD_SINTETICO_23,MARCA_SINTETICO_23,MARCA1_SINTETICO_23,23,DESCRGRUPOPROD_SINTETICO_23,VOL_SINTETICO_23,23,TOP_SINTETICO_23,DESCROPER_SINTETICO_23,ATUALEST_SINTETICO_23,23,TIPATUALFIN_SINTETICO_23,STATUSNFE_SINTETICO_23,TIPMOV_SINTETICO_23,BONIFICACAO_SINTETICO_23,23,AD_APELIDO_SINTETICO_23,DESCRCENCUS_SINTETICO_23,23,23,23.12,23.12,23.12,23.12,23.12,23.12,23,23,23,23,DESCRNAT_SINTETICO_23,23
24,2099-01-25 00:00:00,2099-01-25 00:00:00,24,24,NRO_SINTETICO_24,24,AD_OBSINTERNA_SINTETICO_24,EMPRESA_SINTETICO_24,EMP_SINTETICO_24,NOMEFANTASIAEMP_SINTETICO_24,CPFCNPJ_SINTETICO_24,IE_SINTETICO_24,,,24,APELIDO_SINTETICO_24,VEND_SINTETICO_24,24,24,PARCEIRO_SINTETICO_24,PARC_SINTETICO_24,NOMEPARC_SINTETICO_24,UF_SINTETICO_24,PROD_SINTETICO_24,24,DESCRPROD_SINTETICO_24,MARCA_SINTETICO_24,MARCA1_SINTETICO_24,24,DESCRGRUPOPROD_SINTETICO_24,VOL_SINTETICO_24,24,TOP_SINTETICO_24,DESCROPER_SINTETICO_24,ATUALEST_SINTETICO_24,24,TIPATUALFIN_SINTETICO_24,STATUSNFE_SINTETICO_24,TIPMOV_SINTETICO_24,BONIFICACAO_SINTETICO_24,24,AD_APELIDO_SINTETICO_24,DESCRCENCUS_SINTETICO_24,24,24,24.12,24.12,24.12,24.12,24.12,24.12,24,24,24,24,DESCRNAT_SINTETICO_24,24
25,2099-02-26 00:00:00,2099-02-26 00:00:00,25,25,NRO_SINTETICO_25,25,AD_OBSINTERNA_SINTETICO_25,EMPRESA_SINTETICO_25,EMP_SINTETICO_25,NOMEFANTASIAEMP_SINTETICO_25,CPFCNPJ_SINTETICO_25,IE_SINTETICO_25,,,25,APELIDO_SINTETICO_25,VEND_SINTETICO_25,25,25,PARCEIRO_SINTETICO_25,PARC_SINTETICO_25,NOMEPARC_SINTETICO_25,UF_SINTETICO_25,PROD_SINTETICO_25,25,DESCRPROD_SINTETICO_25,MARCA_SINTETICO_25,MARCA1_SINTETICO_25,25,DESCRGRUPOPROD_SINTETICO_25,VOL_SINTETICO_25,25,TOP_SINTETICO_25,DESCROPER_SINTETICO_25,ATUALEST_SINTETICO_25,25,TIPATUALFIN_SINTETICO_25,STATUSNFE_SINTETICO_25,TIPMOV_SINTETICO_25,BONIFICACAO_SINTETICO_25,25,AD_APELIDO_SINTETICO_25,DESCRCENCUS_SINTETICO_25,25,25,25.12,25.12,25.12,25.12,25.12,25.12,25,25.12,25,25,DESCRNAT_SINTETICO_25,25
26,2099-03-27 00:00:00,2099-03-27 00:00:00,26,26,NRO_SINTETICO_26,26,AD_OBSINTERNA_SINTETICO_26,EMPRESA_SINTETICO_26,EMP_SINTETICO_26,NOMEFANTASIAEMP_SINTETICO_26,CPFCNPJ_SINTETICO_26,IE_SINTETICO_26,,,26,APELIDO_SINTETICO_26,VEND_SINTETICO_26,26,26,PARCEIRO_SINTETICO_26,PARC_SINTETICO_26,NOMEPARC_SINTETICO_26,UF_SINTETICO_26,PROD_SINTETICO_26,26,DESCRPROD_SINTETICO_26,MARCA_SINTETICO_26,MARCA1_SINTETICO_26,26,DESCRGRUPOPROD_SINTETICO_26,VOL_SINTETICO_26,26,TOP_SINTETICO_26,DESCROPER_SINTETICO_26,ATUALEST_SINTETICO_26,26,TIPATUALFIN_SINTETICO_26,STATUSNFE_SINTETICO_26,TIPMOV_SINTETICO_26,BONIFICACAO_SINTETICO_26,26,AD_APELIDO_SINTETICO_26,DESCRCENCUS_SINTETICO_26,26,26,26.12,26.12,26.12,26.12,26.12,26.12,26,26.12,26,26,DESCRNAT_SINTETICO_26,26
27,2099-04-28 00:00:00,2099-04-28 00:00:00,27,27,NRO_SINTETICO_27,27,AD_OBSINTERNA_SINTETICO_27,EMPRESA_SINTETICO_27,EMP_SINTETICO_27,NOMEFANTASIAEMP_SINTETICO_27,CPFCNPJ_SINTETICO_27,IE_SINTETICO_27,,,27,APELIDO_SINTETICO_27,VEND_SINTETICO_27,27,27,PARCEIRO_SINTETICO_27,PARC_SINTETICO_27,NOMEPARC_SINTETICO_27,UF_SINTETICO_27,PROD_SINTETICO_27,27,DESCRPROD_SINTETICO_27,MARCA_SINTETICO_27,MARCA1_SINTETICO_27,27,DESCRGRUPOPROD_SINTETICO_27,VOL_SINTETICO_27,27,TOP_SINTETICO_27,DESCROPER_SINTETICO_27,ATUALEST_SINTETICO_27,27,TIPATUALFIN_SINTETICO_27,STATUSNFE_SINTETICO_27,TIPMOV_SINTETICO_27,BONIFICACAO_SINTETICO_27,27,AD_APELIDO_SINTETICO_27,DESCRCENCUS_SINTETICO_27,27,27,27.12,27.12,27.12,27.12,27.12,27.12,27,27.12,27,27,DESCRNAT_SINTETICO_27,27
28,2099-05-01 00:00:00,2099-05-01 00:00:00,28,28,NRO_SINTETICO_28,28,AD_OBSINTERNA_SINTETICO_28,EMPRESA_SINTETICO_28,EMP_SINTETICO_28,NOMEFANTASIAEMP_SINTETICO_28,CPFCNPJ_SINTETICO_28,IE_SINTETICO_28,,,28,APELIDO_SINTETICO_28,VEND_SINTETICO_28,28,28,PARCEIRO_SINTETICO_28,PARC_SINTETICO_28,NOMEPARC_SINTETICO_28,UF_SINTETICO_28,PROD_SINTETICO_28,28,DESCRPROD_SINTETICO_28,MARCA_SINTETICO_28,MARCA1_SINTETICO_28,28,DESCRGRUPOPROD_SINTETICO_28,VOL_SINTETICO_28,28,TOP_SINTETICO_28,DESCROPER_SINTETICO_28,ATUALEST_SINTETICO_28,28,TIPATUALFIN_SINTETICO_28,STATUSNFE_SINTETICO_28,TIPMOV_SINTETICO_28,BONIFICACAO_SINTETICO_28,28,AD_APELIDO_SINTETICO_28,DESCRCENCUS_SINTETICO_28,28,28,28.12,28.12,28.12,28.12,28.12,28.12,28,28.12,28,28,DESCRNAT_SINTETICO_28,28
29,2099-06-02 00:00:00,2099-06-02 00:00:00,29,29,NRO_SINTETICO_29,29,AD_OBSINTERNA_SINTETICO_29,EMPRESA_SINTETICO_29,EMP_SINTETICO_29,NOMEFANTASIAEMP_SINTETICO_29,CPFCNPJ_SINTETICO_29,IE_SINTETICO_29,TEL_SINTETICO_29,FAX_SINTETICO_29,29,APELIDO_SINTETICO_29,VEND_SINTETICO_29,29,29,PARCEIRO_SINTETICO_29,PARC_SINTETICO_29,NOMEPARC_SINTETICO_29,UF_SINTETICO_29,PROD_SINTETICO_29,29,DESCRPROD_SINTETICO_29,MARCA_SINTETICO_29,MARCA1_SINTETICO_29,29,DESCRGRUPOPROD_SINTETICO_29,VOL_SINTETICO_29,29,TOP_SINTETICO_29,DESCROPER_SINTETICO_29,ATUALEST_SINTETICO_29,29,TIPATUALFIN_SINTETICO_29,STATUSNFE_SINTETICO_29,TIPMOV_SINTETICO_29,BONIFICACAO_SINTETICO_29,29,AD_APELIDO_SINTETICO_29,DESCRCENCUS_SINTETICO_29,29,29,29.12,29,29.12,29,29.12,29.12,29,29,29,29,DESCRNAT_SINTETICO_29,29
30,2099-07-03 00:00:00,2099-07-03 00:00:00,30,30,NRO_SINTETICO_30,30,AD_OBSINTERNA_SINTETICO_30,EMPRESA_SINTETICO_30,EMP_SINTETICO_30,NOMEFANTASIAEMP_SINTETICO_30,CPFCNPJ_SINTETICO_30,IE_SINTETICO_30,TEL_SINTETICO_30,FAX_SINTETICO_30,30,APELIDO_SINTETICO_30,VEND_SINTETICO_30,30,30,PARCEIRO_SINTETICO_30,PARC_SINTETICO_30,NOMEPARC_SINTETICO_30,UF_SINTETICO_30,PROD_SINTETICO_30,30,DESCRPROD_SINTETICO_30,MARCA_SINTETICO_30,MARCA1_SINTETICO_30,30,DESCRGRUPOPROD_SINTETICO_30,VOL_SINTETICO_30,30,TOP_SINTETICO_30,DESCROPER_SINTETICO_30,ATUALEST_SINTETICO_30,30,TIPATUALFIN_SINTETICO_30,STATUSNFE_SINTETICO_30,TIPMOV_SINTETICO_30,BONIFICACAO_SINTETICO_30,30,AD_APELIDO_SINTETICO_30,DESCRCENCUS_SINTETICO_30,30.12,30,30,30.12,30.12,30.12,30.12,30.12,30.12,30,30,30,DESCRNAT_SINTETICO_30,30.12
31,2099-08-04 00:00:00,2099-08-04 00:00:00,31,31,NRO_SINTETICO_31,31,AD_OBSINTERNA_SINTETICO_31,EMPRESA_SINTETICO_31,EMP_SINTETICO_31,NOMEFANTASIAEMP_SINTETICO_31,CPFCNPJ_SINTETICO_31,IE_SINTETICO_31,TEL_SINTETICO_31,FAX_SINTETICO_31,31,APELIDO_SINTETICO_31,VEND_SINTETICO_31,31,31,PARCEIRO_SINTETICO_31,PARC_SINTETICO_31,NOMEPARC_SINTETICO_31,UF_SINTETICO_31,PROD_SINTETICO_31,31,DESCRPROD_SINTETICO_31,MARCA_SINTETICO_31,MARCA1_SINTETICO_31,31,DESCRGRUPOPROD_SINTETICO_31,VOL_SINTETICO_31,31,TOP_SINTETICO_31,DESCROPER_SINTETICO_31,ATUALEST_SINTETICO_31,31,TIPATUALFIN_SINTETICO_31,STATUSNFE_SINTETICO_31,TIPMOV_SINTETICO_31,BONIFICACAO_SINTETICO_31,31,AD_APELIDO_SINTETICO_31,DESCRCENCUS_SINTETICO_31,31,31,31.12,31.12,31.12,31.12,31.12,31.12,31.12,31,31,31,DESCRNAT_SINTETICO_31,31.12
32,2099-09-05 00:00:00,2099-09-05 00:00:00,32,32,NRO_SINTETICO_32,32,AD_OBSINTERNA_SINTETICO_32,EMPRESA_SINTETICO_32,EMP_SINTETICO_32,NOMEFANTASIAEMP_SINTETICO_32,CPFCNPJ_SINTETICO_32,IE_SINTETICO_32,TEL_SINTETICO_32,FAX_SINTETICO_32,32,APELIDO_SINTETICO_32,VEND_SINTETICO_32,32,32,PARCEIRO_SINTETICO_32,PARC_SINTETICO_32,NOMEPARC_SINTETICO_32,UF_SINTETICO_32,PROD_SINTETICO_32,32,DESCRPROD_SINTETICO_32,MARCA_SINTETICO_32,MARCA1_SINTETICO_32,32,DESCRGRUPOPROD_SINTETICO_32,VOL_SINTETICO_32,32,TOP_SINTETICO_32,DESCROPER_SINTETICO_32,ATUALEST_SINTETICO_32,32,TIPATUALFIN_SINTETICO_32,STATUSNFE_SINTETICO_32,TIPMOV_SINTETICO_32,BONIFICACAO_SINTETICO_32,32,AD_APELIDO_SINTETICO_32,DESCRCENCUS_SINTETICO_32,32,32,32,32.12,32.12,32.12,32.12,32,32.12,32,32,32,DESCRNAT_SINTETICO_32,32.12
33,2099-10-06 00:00:00,2099-10-06 00:00:00,33,33,NRO_SINTETICO_33,33,AD_OBSINTERNA_SINTETICO_33,EMPRESA_SINTETICO_33,EMP_SINTETICO_33,NOMEFANTASIAEMP_SINTETICO_33,CPFCNPJ_SINTETICO_33,IE_SINTETICO_33,TEL_SINTETICO_33,FAX_SINTETICO_33,33,APELIDO_SINTETICO_33,VEND_SINTETICO_33,33,33,PARCEIRO_SINTETICO_33,PARC_SINTETICO_33,NOMEPARC_SINTETICO_33,UF_SINTETICO_33,PROD_SINTETICO_33,33,DESCRPROD_SINTETICO_33,MARCA_SINTETICO_33,MARCA1_SINTETICO_33,33,DESCRGRUPOPROD_SINTETICO_33,VOL_SINTETICO_33,33,TOP_SINTETICO_33,DESCROPER_SINTETICO_33,ATUALEST_SINTETICO_33,33,TIPATUALFIN_SINTETICO_33,STATUSNFE_SINTETICO_33,TIPMOV_SINTETICO_33,BONIFICACAO_SINTETICO_33,33,AD_APELIDO_SINTETICO_33,DESCRCENCUS_SINTETICO_33,33,33,33.12,33.12,33.12,33.12,33.12,33.12,33.12,33.12,33,33,DESCRNAT_SINTETICO_33,33.12
34,2099-11-07 00:00:00,2099-11-07 00:00:00,34,34,NRO_SINTETICO_34,34,AD_OBSINTERNA_SINTETICO_34,EMPRESA_SINTETICO_34,EMP_SINTETICO_34,NOMEFANTASIAEMP_SINTETICO_34,CPFCNPJ_SINTETICO_34,IE_SINTETICO_34,TEL_SINTETICO_34,FAX_SINTETICO_34,34,APELIDO_SINTETICO_34,VEND_SINTETICO_34,34,34,PARCEIRO_SINTETICO_34,PARC_SINTETICO_34,NOMEPARC_SINTETICO_34,UF_SINTETICO_34,PROD_SINTETICO_34,34,DESCRPROD_SINTETICO_34,MARCA_SINTETICO_34,MARCA1_SINTETICO_34,34,DESCRGRUPOPROD_SINTETICO_34,VOL_SINTETICO_34,34,TOP_SINTETICO_34,DESCROPER_SINTETICO_34,ATUALEST_SINTETICO_34,34,TIPATUALFIN_SINTETICO_34,STATUSNFE_SINTETICO_34,TIPMOV_SINTETICO_34,BONIFICACAO_SINTETICO_34,34,AD_APELIDO_SINTETICO_34,DESCRCENCUS_SINTETICO_34,34,34,34.12,34.12,34.12,34.12,34.12,34.12,34.12,34.12,34,34,DESCRNAT_SINTETICO_34,34.12
35,2099-12-08 00:00:00,2099-12-08 00:00:00,35,35,NRO_SINTETICO_35,35,AD_OBSINTERNA_SINTETICO_35,EMPRESA_SINTETICO_35,EMP_SINTETICO_35,NOMEFANTASIAEMP_SINTETICO_35,CPFCNPJ_SINTETICO_35,IE_SINTETICO_35,TEL_SINTETICO_35,FAX_SINTETICO_35,35,APELIDO_SINTETICO_35,VEND_SINTETICO_35,35,35,PARCEIRO_SINTETICO_35,PARC_SINTETICO_35,NOMEPARC_SINTETICO_35,UF_SINTETICO_35,PROD_SINTETICO_35,35,DESCRPROD_SINTETICO_35,MARCA_SINTETICO_35,MARCA1_SINTETICO_35,35,DESCRGRUPOPROD_SINTETICO_35,VOL_SINTETICO_35,35,TOP_SINTETICO_35,DESCROPER_SINTETICO_35,ATUALEST_SINTETICO_35,35,TIPATUALFIN_SINTETICO_35,STATUSNFE_SINTETICO_35,TIPMOV_SINTETICO_35,BONIFICACAO_SINTETICO_35,35,AD_APELIDO_SINTETICO_35,DESCRCENCUS_SINTETICO_35,35,35,35.12,35.12,35.12,35.12,35.12,35.12,35.12,35.12,35,35,DESCRNAT_SINTETICO_35,35.12
36,2099-01-09 00:00:00,2099-01-09 00:00:00,36,36,NRO_SINTETICO_36,36,AD_OBSINTERNA_SINTETICO_36,EMPRESA_SINTETICO_36,EMP_SINTETICO_36,NOMEFANTASIAEMP_SINTETICO_36,CPFCNPJ_SINTETICO_36,IE_SINTETICO_36,TEL_SINTETICO_36,FAX_SINTETICO_36,36,APELIDO_SINTETICO_36,VEND_SINTETICO_36,36,36,PARCEIRO_SINTETICO_36,PARC_SINTETICO_36,NOMEPARC_SINTETICO_36,UF_SINTETICO_36,PROD_SINTETICO_36,36,DESCRPROD_SINTETICO_36,MARCA_SINTETICO_36,MARCA1_SINTETICO_36,36,DESCRGRUPOPROD_SINTETICO_36,VOL_SINTETICO_36,36,TOP_SINTETICO_36,DESCROPER_SINTETICO_36,ATUALEST_SINTETICO_36,36,TIPATUALFIN_SINTETICO_36,STATUSNFE_SINTETICO_36,TIPMOV_SINTETICO_36,BONIFICACAO_SINTETICO_36,36,AD_APELIDO_SINTETICO_36,DESCRCENCUS_SINTETICO_36,36,36,36.12,36.12,36.12,36.12,36.12,36.12,36,36.12,36,36,DESCRNAT_SINTETICO_36,36.12
37,2099-02-10 00:00:00,2099-02-10 00:00:00,37,37,NRO_SINTETICO_37,37,AD_OBSINTERNA_SINTETICO_37,EMPRESA_SINTETICO_37,EMP_SINTETICO_37,NOMEFANTASIAEMP_SINTETICO_37,CPFCNPJ_SINTETICO_37,IE_SINTETICO_37,TEL_SINTETICO_37,FAX_SINTETICO_37,37,APELIDO_SINTETICO_37,VEND_SINTETICO_37,37,37,PARCEIRO_SINTETICO_37,PARC_SINTETICO_37,NOMEPARC_SINTETICO_37,UF_SINTETICO_37,PROD_SINTETICO_37,37,DESCRPROD_SINTETICO_37,MARCA_SINTETICO_37,MARCA1_SINTETICO_37,37,DESCRGRUPOPROD_SINTETICO_37,VOL_SINTETICO_37,37,TOP_SINTETICO_37,DESCROPER_SINTETICO_37,ATUALEST_SINTETICO_37,37,TIPATUALFIN_SINTETICO_37,STATUSNFE_SINTETICO_37,TIPMOV_SINTETICO_37,BONIFICACAO_SINTETICO_37,37,AD_APELIDO_SINTETICO_37,DESCRCENCUS_SINTETICO_37,37,37,37.12,37.12,37.12,37.12,37.12,37.12,37,37.12,37,37,DESCRNAT_SINTETICO_37,37.12
38,2099-03-11 00:00:00,2099-03-11 00:00:00,38,38,NRO_SINTETICO_38,38,AD_OBSINTERNA_SINTETICO_38,EMPRESA_SINTETICO_38,EMP_SINTETICO_38,NOMEFANTASIAEMP_SINTETICO_38,CPFCNPJ_SINTETICO_38,IE_SINTETICO_38,TEL_SINTETICO_38,FAX_SINTETICO_38,38,APELIDO_SINTETICO_38,VEND_SINTETICO_38,38,38,PARCEIRO_SINTETICO_38,PARC_SINTETICO_38,NOMEPARC_SINTETICO_38,UF_SINTETICO_38,PROD_SINTETICO_38,38,DESCRPROD_SINTETICO_38,MARCA_SINTETICO_38,MARCA1_SINTETICO_38,38,DESCRGRUPOPROD_SINTETICO_38,VOL_SINTETICO_38,38,TOP_SINTETICO_38,DESCROPER_SINTETICO_38,ATUALEST_SINTETICO_38,38,TIPATUALFIN_SINTETICO_38,STATUSNFE_SINTETICO_38,TIPMOV_SINTETICO_38,BONIFICACAO_SINTETICO_38,38,AD_APELIDO_SINTETICO_38,DESCRCENCUS_SINTETICO_38,38,38,38.12,38.12,38.12,38.12,38.12,38.12,38,38,38,38,DESCRNAT_SINTETICO_38,38.12
39,2099-04-12 00:00:00,2099-04-12 00:00:00,39,39,NRO_SINTETICO_39,39,AD_OBSINTERNA_SINTETICO_39,EMPRESA_SINTETICO_39,EMP_SINTETICO_39,NOMEFANTASIAEMP_SINTETICO_39,CPFCNPJ_SINTETICO_39,IE_SINTETICO_39,TEL_SINTETICO_39,FAX_SINTETICO_39,39,APELIDO_SINTETICO_39,VEND_SINTETICO_39,39,39,PARCEIRO_SINTETICO_39,PARC_SINTETICO_39,NOMEPARC_SINTETICO_39,UF_SINTETICO_39,PROD_SINTETICO_39,39,DESCRPROD_SINTETICO_39,MARCA_SINTETICO_39,MARCA1_SINTETICO_39,39,DESCRGRUPOPROD_SINTETICO_39,VOL_SINTETICO_39,39,TOP_SINTETICO_39,DESCROPER_SINTETICO_39,ATUALEST_SINTETICO_39,39,TIPATUALFIN_SINTETICO_39,STATUSNFE_SINTETICO_39,TIPMOV_SINTETICO_39,BONIFICACAO_SINTETICO_39,39,AD_APELIDO_SINTETICO_39,DESCRCENCUS_SINTETICO_39,39,39,39.12,39.12,39.12,39.12,39.12,39.12,39,39.12,39,39,DESCRNAT_SINTETICO_39,39.12
40,2099-05-13 00:00:00,2099-05-13 00:00:00,40,40,NRO_SINTETICO_40,40,AD_OBSINTERNA_SINTETICO_40,EMPRESA_SINTETICO_40,EMP_SINTETICO_40,NOMEFANTASIAEMP_SINTETICO_40,CPFCNPJ_SINTETICO_40,IE_SINTETICO_40,TEL_SINTETICO_40,FAX_SINTETICO_40,40,APELIDO_SINTETICO_40,VEND_SINTETICO_40,40,40,PARCEIRO_SINTETICO_40,PARC_SINTETICO_40,NOMEPARC_SINTETICO_40,UF_SINTETICO_40,PROD_SINTETICO_40,40,DESCRPROD_SINTETICO_40,MARCA_SINTETICO_40,MARCA1_SINTETICO_40,40,DESCRGRUPOPROD_SINTETICO_40,VOL_SINTETICO_40,40,TOP_SINTETICO_40,DESCROPER_SINTETICO_40,ATUALEST_SINTETICO_40,40,TIPATUALFIN_SINTETICO_40,STATUSNFE_SINTETICO_40,TIPMOV_SINTETICO_40,BONIFICACAO_SINTETICO_40,40,AD_APELIDO_SINTETICO_40,DESCRCENCUS_SINTETICO_40,40,40,40,40.12,40.12,40.12,40.12,40,40,40.12,40,40,DESCRNAT_SINTETICO_40,40
41,2099-06-14 00:00:00,2099-06-14 00:00:00,41,41,NRO_SINTETICO_41,41,AD_OBSINTERNA_SINTETICO_41,EMPRESA_SINTETICO_41,EMP_SINTETICO_41,NOMEFANTASIAEMP_SINTETICO_41,CPFCNPJ_SINTETICO_41,IE_SINTETICO_41,,,41,APELIDO_SINTETICO_41,VEND_SINTETICO_41,41,41,PARCEIRO_SINTETICO_41,PARC_SINTETICO_41,NOMEPARC_SINTETICO_41,UF_SINTETICO_41,PROD_SINTETICO_41,41,DESCRPROD_SINTETICO_41,MARCA_SINTETICO_41,MARCA1_SINTETICO_41,41,DESCRGRUPOPROD_SINTETICO_41,VOL_SINTETICO_41,41,TOP_SINTETICO_41,DESCROPER_SINTETICO_41,ATUALEST_SINTETICO_41,41,TIPATUALFIN_SINTETICO_41,STATUSNFE_SINTETICO_41,TIPMOV_SINTETICO_41,BONIFICACAO_SINTETICO_41,41,AD_APELIDO_SINTETICO_41,DESCRCENCUS_SINTETICO_41,41,41,41,41.12,41.12,41.12,41.12,41,41,41.12,41,41,DESCRNAT_SINTETICO_41,41
42,2099-07-15 00:00:00,2099-07-15 00:00:00,42,42,NRO_SINTETICO_42,42,AD_OBSINTERNA_SINTETICO_42,EMPRESA_SINTETICO_42,EMP_SINTETICO_42,NOMEFANTASIAEMP_SINTETICO_42,CPFCNPJ_SINTETICO_42,IE_SINTETICO_42,,,42,APELIDO_SINTETICO_42,VEND_SINTETICO_42,42,42,PARCEIRO_SINTETICO_42,PARC_SINTETICO_42,NOMEPARC_SINTETICO_42,UF_SINTETICO_42,PROD_SINTETICO_42,42,DESCRPROD_SINTETICO_42,MARCA_SINTETICO_42,MARCA1_SINTETICO_42,42,DESCRGRUPOPROD_SINTETICO_42,VOL_SINTETICO_42,42,TOP_SINTETICO_42,DESCROPER_SINTETICO_42,ATUALEST_SINTETICO_42,42,TIPATUALFIN_SINTETICO_42,STATUSNFE_SINTETICO_42,TIPMOV_SINTETICO_42,BONIFICACAO_SINTETICO_42,42,AD_APELIDO_SINTETICO_42,DESCRCENCUS_SINTETICO_42,42,42,42,42.12,42.12,42.12,42.12,42,42,42.12,42,42,DESCRNAT_SINTETICO_42,42
43,2099-08-16 00:00:00,2099-08-16 00:00:00,43,43,NRO_SINTETICO_43,43,AD_OBSINTERNA_SINTETICO_43,EMPRESA_SINTETICO_43,EMP_SINTETICO_43,NOMEFANTASIAEMP_SINTETICO_43,CPFCNPJ_SINTETICO_43,IE_SINTETICO_43,,,43,APELIDO_SINTETICO_43,VEND_SINTETICO_43,43,43,PARCEIRO_SINTETICO_43,PARC_SINTETICO_43,NOMEPARC_SINTETICO_43,UF_SINTETICO_43,PROD_SINTETICO_43,43,DESCRPROD_SINTETICO_43,MARCA_SINTETICO_43,MARCA1_SINTETICO_43,43,DESCRGRUPOPROD_SINTETICO_43,VOL_SINTETICO_43,43,TOP_SINTETICO_43,DESCROPER_SINTETICO_43,ATUALEST_SINTETICO_43,43,TIPATUALFIN_SINTETICO_43,STATUSNFE_SINTETICO_43,TIPMOV_SINTETICO_43,BONIFICACAO_SINTETICO_43,43,AD_APELIDO_SINTETICO_43,DESCRCENCUS_SINTETICO_43,43,43,43,43.12,43.12,43.12,43.12,43,43,43.12,43,43,DESCRNAT_SINTETICO_43,43
44,2099-09-17 00:00:00,2099-09-17 00:00:00,44,44,NRO_SINTETICO_44,44,AD_OBSINTERNA_SINTETICO_44,EMPRESA_SINTETICO_44,EMP_SINTETICO_44,NOMEFANTASIAEMP_SINTETICO_44,CPFCNPJ_SINTETICO_44,IE_SINTETICO_44,,,44,APELIDO_SINTETICO_44,VEND_SINTETICO_44,44,44,PARCEIRO_SINTETICO_44,PARC_SINTETICO_44,NOMEPARC_SINTETICO_44,UF_SINTETICO_44,PROD_SINTETICO_44,44,DESCRPROD_SINTETICO_44,MARCA_SINTETICO_44,MARCA1_SINTETICO_44,44,DESCRGRUPOPROD_SINTETICO_44,VOL_SINTETICO_44,44,TOP_SINTETICO_44,DESCROPER_SINTETICO_44,ATUALEST_SINTETICO_44,44,TIPATUALFIN_SINTETICO_44,STATUSNFE_SINTETICO_44,TIPMOV_SINTETICO_44,BONIFICACAO_SINTETICO_44,44,AD_APELIDO_SINTETICO_44,DESCRCENCUS_SINTETICO_44,44,44,44,44.12,44.12,44.12,44.12,44,44,44.12,44,44,DESCRNAT_SINTETICO_44,44
45,2099-10-18 00:00:00,2099-10-18 00:00:00,45,45,NRO_SINTETICO_45,45,AD_OBSINTERNA_SINTETICO_45,EMPRESA_SINTETICO_45,EMP_SINTETICO_45,NOMEFANTASIAEMP_SINTETICO_45,CPFCNPJ_SINTETICO_45,IE_SINTETICO_45,,,45,APELIDO_SINTETICO_45,VEND_SINTETICO_45,45,45,PARCEIRO_SINTETICO_45,PARC_SINTETICO_45,NOMEPARC_SINTETICO_45,UF_SINTETICO_45,PROD_SINTETICO_45,45,DESCRPROD_SINTETICO_45,MARCA_SINTETICO_45,MARCA1_SINTETICO_45,45,DESCRGRUPOPROD_SINTETICO_45,VOL_SINTETICO_45,45,TOP_SINTETICO_45,DESCROPER_SINTETICO_45,ATUALEST_SINTETICO_45,45,TIPATUALFIN_SINTETICO_45,STATUSNFE_SINTETICO_45,TIPMOV_SINTETICO_45,BONIFICACAO_SINTETICO_45,45,AD_APELIDO_SINTETICO_45,DESCRCENCUS_SINTETICO_45,45,45,45,45.12,45.12,45.12,45.12,45,45,45.12,45,45,DESCRNAT_SINTETICO_45,45
46,2099-11-19 00:00:00,2099-11-19 00:00:00,46,46,NRO_SINTETICO_46,46,AD_OBSINTERNA_SINTETICO_46,EMPRESA_SINTETICO_46,EMP_SINTETICO_46,NOMEFANTASIAEMP_SINTETICO_46,CPFCNPJ_SINTETICO_46,IE_SINTETICO_46,,,46,APELIDO_SINTETICO_46,VEND_SINTETICO_46,46,46,PARCEIRO_SINTETICO_46,PARC_SINTETICO_46,NOMEPARC_SINTETICO_46,UF_SINTETICO_46,PROD_SINTETICO_46,46,DESCRPROD_SINTETICO_46,MARCA_SINTETICO_46,MARCA1_SINTETICO_46,46,DESCRGRUPOPROD_SINTETICO_46,VOL_SINTETICO_46,46,TOP_SINTETICO_46,DESCROPER_SINTETICO_46,ATUALEST_SINTETICO_46,46,TIPATUALFIN_SINTETICO_46,STATUSNFE_SINTETICO_46,TIPMOV_SINTETICO_46,BONIFICACAO_SINTETICO_46,46,AD_APELIDO_SINTETICO_46,DESCRCENCUS_SINTETICO_46,46,46,46,46.12,46.12,46.12,46.12,46,46,46.12,46,46,DESCRNAT_SINTETICO_46,46
47,2099-12-20 00:00:00,2099-12-20 00:00:00,47,47,NRO_SINTETICO_47,47,AD_OBSINTERNA_SINTETICO_47,EMPRESA_SINTETICO_47,EMP_SINTETICO_47,NOMEFANTASIAEMP_SINTETICO_47,CPFCNPJ_SINTETICO_47,IE_SINTETICO_47,,,47,APELIDO_SINTETICO_47,VEND_SINTETICO_47,47,47,PARCEIRO_SINTETICO_47,PARC_SINTETICO_47,NOMEPARC_SINTETICO_47,UF_SINTETICO_47,PROD_SINTETICO_47,47,DESCRPROD_SINTETICO_47,MARCA_SINTETICO_47,MARCA1_SINTETICO_47,47,DESCRGRUPOPROD_SINTETICO_47,VOL_SINTETICO_47,47,TOP_SINTETICO_47,DESCROPER_SINTETICO_47,ATUALEST_SINTETICO_47,47,TIPATUALFIN_SINTETICO_47,STATUSNFE_SINTETICO_47,TIPMOV_SINTETICO_47,BONIFICACAO_SINTETICO_47,47,AD_APELIDO_SINTETICO_47,DESCRCENCUS_SINTETICO_47,47,47,47,47.12,47.12,47.12,47.12,47,47,47.12,47,47,DESCRNAT_SINTETICO_47,47
48,2099-01-21 00:00:00,2099-01-21 00:00:00,48,48,NRO_SINTETICO_48,48,AD_OBSINTERNA_SINTETICO_48,EMPRESA_SINTETICO_48,EMP_SINTETICO_48,NOMEFANTASIAEMP_SINTETICO_48,CPFCNPJ_SINTETICO_48,IE_SINTETICO_48,,,48,APELIDO_SINTETICO_48,VEND_SINTETICO_48,48,48,PARCEIRO_SINTETICO_48,PARC_SINTETICO_48,NOMEPARC_SINTETICO_48,UF_SINTETICO_48,PROD_SINTETICO_48,48,DESCRPROD_SINTETICO_48,MARCA_SINTETICO_48,MARCA1_SINTETICO_48,48,DESCRGRUPOPROD_SINTETICO_48,VOL_SINTETICO_48,48,TOP_SINTETICO_48,DESCROPER_SINTETICO_48,ATUALEST_SINTETICO_48,48,TIPATUALFIN_SINTETICO_48,STATUSNFE_SINTETICO_48,TIPMOV_SINTETICO_48,BONIFICACAO_SINTETICO_48,48,AD_APELIDO_SINTETICO_48,DESCRCENCUS_SINTETICO_48,48,48,48,48.12,48.12,48.12,48.12,48,48,48,48,48,DESCRNAT_SINTETICO_48,48
49,2099-02-22 00:00:00,2099-02-22 00:00:00,49,49,NRO_SINTETICO_49,49,AD_OBSINTERNA_SINTETICO_49,EMPRESA_SINTETICO_49,EMP_SINTETICO_49,NOMEFANTASIAEMP_SINTETICO_49,CPFCNPJ_SINTETICO_49,IE_SINTETICO_49,,,49,APELIDO_SINTETICO_49,VEND_SINTETICO_49,49,49,PARCEIRO_SINTETICO_49,PARC_SINTETICO_49,NOMEPARC_SINTETICO_49,UF_SINTETICO_49,PROD_SINTETICO_49,49,DESCRPROD_SINTETICO_49,MARCA_SINTETICO_49,MARCA1_SINTETICO_49,49,DESCRGRUPOPROD_SINTETICO_49,VOL_SINTETICO_49,49,TOP_SINTETICO_49,DESCROPER_SINTETICO_49,ATUALEST_SINTETICO_49,49,TIPATUALFIN_SINTETICO_49,STATUSNFE_SINTETICO_49,TIPMOV_SINTETICO_49,BONIFICACAO_SINTETICO_49,49,AD_APELIDO_SINTETICO_49,DESCRCENCUS_SINTETICO_49,49,49,49,49.12,49.12,49.12,49.12,49,49,49,49,49,DESCRNAT_SINTETICO_49,49
50,2099-03-23 00:00:00,2099-03-23 00:00:00,50,50,NRO_SINTETICO_50,50,AD_OBSINTERNA_SINTETICO_50,EMPRESA_SINTETICO_50,EMP_SINTETICO_50,NOMEFANTASIAEMP_SINTETICO_50,CPFCNPJ_SINTETICO_50,IE_SINTETICO_50,,,50,APELIDO_SINTETICO_50,VEND_SINTETICO_50,50,50,PARCEIRO_SINTETICO_50,PARC_SINTETICO_50,NOMEPARC_SINTETICO_50,UF_SINTETICO_50,PROD_SINTETICO_50,50,DESCRPROD_SINTETICO_50,MARCA_SINTETICO_50,MARCA1_SINTETICO_50,50,DESCRGRUPOPROD_SINTETICO_50,VOL_SINTETICO_50,50,TOP_SINTETICO_50,DESCROPER_SINTETICO_50,ATUALEST_SINTETICO_50,50,TIPATUALFIN_SINTETICO_50,STATUSNFE_SINTETICO_50,TIPMOV_SINTETICO_50,BONIFICACAO_SINTETICO_50,50,AD_APELIDO_SINTETICO_50,DESCRCENCUS_SINTETICO_50,50,50,50,50.12,50.12,50.12,50.12,50.12,50.12,50,50,50,DESCRNAT_SINTETICO_50,50.12
